cohort,case_id,condition,success,approach_ok,audit_ok,approach_payload_contact_steps,approach_elapsed_sim_s,total_elapsed_sim_s,wall_elapsed_s,approach_calls,grasp_calls,external_api_calls,external_api_cost_usd,error,raw_dir
heldout,heldout-01,visual,True,True,True,0,33.14999999999565,48.81,47.09945991681889,316,32,0,0,,/Users/changmin/projects/ugrp/outputs/varied-start-heldout-20260910-v1-0/heldout-01-visual
heldout,heldout-01,straight,False,False,True,0,0.2500000000000001,0.2499999999999999,1.2808912920299917,2,0,0,0,RGB outside learned stage support,/Users/changmin/projects/ugrp/outputs/varied-start-heldout-20260910-v1-0/heldout-01-straight
heldout,heldout-03,visual,True,True,True,0,33.94999999999663,49.61,53.94610899989493,324,32,0,0,,/Users/changmin/projects/ugrp/outputs/varied-start-heldout-20260910-v1-0/heldout-03-visual
heldout,heldout-03,straight,False,False,True,0,0.2500000000000001,0.2499999999999999,1.1806462078820914,2,0,0,0,RGB outside learned stage support,/Users/changmin/projects/ugrp/outputs/varied-start-heldout-20260910-v1-0/heldout-03-straight
heldout,heldout-05,visual,True,True,True,0,29.74999999999389,45.410000000000004,52.7089002081193,282,32,0,0,,/Users/changmin/projects/ugrp/outputs/varied-start-heldout-20260910-v1-0/heldout-05-visual
heldout,heldout-05,straight,False,False,True,0,0.2500000000000001,0.2499999999999999,1.4433809160254896,2,0,0,0,RGB outside learned stage support,/Users/changmin/projects/ugrp/outputs/varied-start-heldout-20260910-v1-0/heldout-05-straight
heldout,heldout-07,visual,True,True,True,0,32.14999999999443,47.81,59.0850598749239,306,32,0,0,,/Users/changmin/projects/ugrp/outputs/varied-start-heldout-20260910-v1-0/heldout-07-visual
heldout,heldout-07,straight,False,False,True,0,0.2500000000000001,0.2499999999999999,1.045962791889906,2,0,0,0,RGB outside learned stage support,/Users/changmin/projects/ugrp/outputs/varied-start-heldout-20260910-v1-0/heldout-07-straight
heldout,heldout-09,visual,True,True,True,0,29.549999999994,45.21,54.03875695797615,280,32,0,0,,/Users/changmin/projects/ugrp/outputs/varied-start-heldout-20260910-v1-0/heldout-09-visual
heldout,heldout-09,straight,False,False,True,0,0.2500000000000001,0.2499999999999999,1.6441121250391006,2,0,0,0,RGB outside learned stage support,/Users/changmin/projects/ugrp/outputs/varied-start-heldout-20260910-v1-0/heldout-09-straight
heldout,heldout-11,visual,True,True,True,0,33.94999999999663,49.61,58.146436041919515,324,32,0,0,,/Users/changmin/projects/ugrp/outputs/varied-start-heldout-20260910-v1-0/heldout-11-visual
heldout,heldout-11,straight,False,False,True,0,0.2500000000000001,0.2499999999999999,0.8817880840506405,2,0,0,0,RGB outside learned stage support,/Users/changmin/projects/ugrp/outputs/varied-start-heldout-20260910-v1-0/heldout-11-straight
heldout,heldout-13,visual,True,True,True,0,36.549999999999805,52.21,75.0276593749877,350,32,0,0,,/Users/changmin/projects/ugrp/outputs/varied-start-heldout-20260910-v1-0/heldout-13-visual
heldout,heldout-13,straight,False,False,True,0,0.2500000000000001,0.2499999999999999,2.096053458051756,2,0,0,0,RGB outside learned stage support,/Users/changmin/projects/ugrp/outputs/varied-start-heldout-20260910-v1-0/heldout-13-straight
heldout,heldout-15,visual,True,True,True,0,34.54999999999736,50.21,61.22967016603798,330,32,0,0,,/Users/changmin/projects/ugrp/outputs/varied-start-heldout-20260910-v1-0/heldout-15-visual
heldout,heldout-15,straight,False,False,True,0,0.2500000000000001,0.2499999999999999,1.4126128749921918,2,0,0,0,RGB outside learned stage support,/Users/changmin/projects/ugrp/outputs/varied-start-heldout-20260910-v1-0/heldout-15-straight
heldout,heldout-17,visual,True,True,True,0,31.749999999993936,47.410000000000004,74.58677291614003,302,32,0,0,,/Users/changmin/projects/ugrp/outputs/varied-start-heldout-20260910-v1-0/heldout-17-visual
heldout,heldout-17,straight,False,False,True,0,0.2500000000000001,0.2499999999999999,1.091072167037055,2,0,0,0,RGB outside learned stage support,/Users/changmin/projects/ugrp/outputs/varied-start-heldout-20260910-v1-0/heldout-17-straight
heldout,heldout-19,visual,False,False,True,0,36.19999999999938,36.2,44.866709207883105,352,0,0,0,stationary RGB confirmation budget exhausted,/Users/changmin/projects/ugrp/outputs/varied-start-heldout-20260910-v1-0/heldout-19-visual
heldout,heldout-19,straight,False,False,True,0,0.2500000000000001,0.2499999999999999,0.7687546671368182,2,0,0,0,RGB outside learned stage support,/Users/changmin/projects/ugrp/outputs/varied-start-heldout-20260910-v1-0/heldout-19-straight
heldout,heldout-21,visual,True,True,True,0,35.149999999998094,50.81,52.32353050005622,336,32,0,0,,/Users/changmin/projects/ugrp/outputs/varied-start-heldout-20260910-v1-0/heldout-21-visual
heldout,heldout-21,straight,False,False,True,0,0.2500000000000001,0.2499999999999999,1.0092768750619143,2,0,0,0,RGB outside learned stage support,/Users/changmin/projects/ugrp/outputs/varied-start-heldout-20260910-v1-0/heldout-21-straight
heldout,heldout-23,visual,True,True,True,0,36.950000000000294,52.61,52.917967499932274,354,32,0,0,,/Users/changmin/projects/ugrp/outputs/varied-start-heldout-20260910-v1-0/heldout-23-visual
heldout,heldout-23,straight,False,False,True,0,0.2500000000000001,0.2499999999999999,1.0360498749651015,2,0,0,0,RGB outside learned stage support,/Users/changmin/projects/ugrp/outputs/varied-start-heldout-20260910-v1-0/heldout-23-straight
heldout,heldout-25,visual,True,True,True,0,35.34999999999834,51.01,64.10688208299689,338,32,0,0,,/Users/changmin/projects/ugrp/outputs/varied-start-heldout-20260910-v1-0/heldout-25-visual
heldout,heldout-25,straight,False,False,True,0,0.2500000000000001,0.2499999999999999,1.1551306250039488,2,0,0,0,RGB outside learned stage support,/Users/changmin/projects/ugrp/outputs/varied-start-heldout-20260910-v1-0/heldout-25-straight
heldout,heldout-27,visual,True,True,True,0,34.14999999999687,49.81,46.50748708401807,326,32,0,0,,/Users/changmin/projects/ugrp/outputs/varied-start-heldout-20260910-v1-0/heldout-27-visual
heldout,heldout-27,straight,False,False,True,0,0.2500000000000001,0.2499999999999999,1.103959749918431,2,0,0,0,RGB outside learned stage support,/Users/changmin/projects/ugrp/outputs/varied-start-heldout-20260910-v1-0/heldout-27-straight
heldout,heldout-29,visual,True,True,True,0,32.54999999999492,48.21,46.94941512495279,310,32,0,0,,/Users/changmin/projects/ugrp/outputs/varied-start-heldout-20260910-v1-0/heldout-29-visual
heldout,heldout-29,straight,False,False,True,0,0.2500000000000001,0.2499999999999999,0.8799413749948144,2,0,0,0,RGB outside learned stage support,/Users/changmin/projects/ugrp/outputs/varied-start-heldout-20260910-v1-0/heldout-29-straight
heldout,heldout-02,visual,True,True,True,0,31.54999999999369,47.21,45.12394762481563,300,32,0,0,,/Users/changmin/projects/ugrp/outputs/varied-start-heldout-20260910-v1-1/heldout-02-visual
heldout,heldout-02,straight,False,False,True,0,0.2500000000000001,0.2499999999999999,1.28989466605708,2,0,0,0,RGB outside learned stage support,/Users/changmin/projects/ugrp/outputs/varied-start-heldout-20260910-v1-1/heldout-02-straight
heldout,heldout-04,visual,True,True,True,0,34.54999999999736,50.21,54.83205366693437,330,32,0,0,,/Users/changmin/projects/ugrp/outputs/varied-start-heldout-20260910-v1-1/heldout-04-visual
heldout,heldout-04,straight,False,False,True,0,0.2500000000000001,0.2499999999999999,1.1796054160222411,2,0,0,0,RGB outside learned stage support,/Users/changmin/projects/ugrp/outputs/varied-start-heldout-20260910-v1-1/heldout-04-straight
heldout,heldout-06,visual,True,True,True,0,27.34999999999522,43.01,48.984070416074246,258,32,0,0,,/Users/changmin/projects/ugrp/outputs/varied-start-heldout-20260910-v1-1/heldout-06-visual
heldout,heldout-06,straight,False,False,True,0,0.2500000000000001,0.2499999999999999,1.4525002089794725,2,0,0,0,RGB outside learned stage support,/Users/changmin/projects/ugrp/outputs/varied-start-heldout-20260910-v1-1/heldout-06-straight
heldout,heldout-08,visual,True,True,True,0,33.349999999995894,49.01,60.874558166833594,318,32,0,0,,/Users/changmin/projects/ugrp/outputs/varied-start-heldout-20260910-v1-1/heldout-08-visual
heldout,heldout-08,straight,False,False,True,0,0.2500000000000001,0.2499999999999999,1.1624795419629663,2,0,0,0,RGB outside learned stage support,/Users/changmin/projects/ugrp/outputs/varied-start-heldout-20260910-v1-1/heldout-08-straight
heldout,heldout-10,visual,True,True,True,0,36.14999999999932,51.81,60.59611487481743,346,32,0,0,,/Users/changmin/projects/ugrp/outputs/varied-start-heldout-20260910-v1-1/heldout-10-visual
heldout,heldout-10,straight,False,False,True,0,0.2500000000000001,0.2499999999999999,1.2465864999685436,2,0,0,0,RGB outside learned stage support,/Users/changmin/projects/ugrp/outputs/varied-start-heldout-20260910-v1-1/heldout-10-straight
heldout,heldout-12,visual,True,True,True,0,35.54999999999858,51.21,58.923743958817795,340,32,0,0,,/Users/changmin/projects/ugrp/outputs/varied-start-heldout-20260910-v1-1/heldout-12-visual
heldout,heldout-12,straight,False,False,True,0,0.2500000000000001,0.2499999999999999,1.1476590000092983,2,0,0,0,RGB outside learned stage support,/Users/changmin/projects/ugrp/outputs/varied-start-heldout-20260910-v1-1/heldout-12-straight
heldout,heldout-14,visual,True,True,True,0,34.34999999999712,50.01,72.3162671669852,328,32,0,0,,/Users/changmin/projects/ugrp/outputs/varied-start-heldout-20260910-v1-1/heldout-14-visual
heldout,heldout-14,straight,False,False,True,0,0.2500000000000001,0.2499999999999999,1.5590101249981672,2,0,0,0,RGB outside learned stage support,/Users/changmin/projects/ugrp/outputs/varied-start-heldout-20260910-v1-1/heldout-14-straight
heldout,heldout-16,visual,True,True,True,0,32.74999999999516,48.410000000000004,59.04584641591646,312,32,0,0,,/Users/changmin/projects/ugrp/outputs/varied-start-heldout-20260910-v1-1/heldout-16-visual
heldout,heldout-16,straight,False,False,True,0,0.2500000000000001,0.2499999999999999,1.2185938749462366,2,0,0,0,RGB outside learned stage support,/Users/changmin/projects/ugrp/outputs/varied-start-heldout-20260910-v1-1/heldout-16-straight
heldout,heldout-18,visual,True,True,True,0,33.94999999999663,49.61,77.58522929204628,324,32,0,0,,/Users/changmin/projects/ugrp/outputs/varied-start-heldout-20260910-v1-1/heldout-18-visual
heldout,heldout-18,straight,False,False,True,0,0.2500000000000001,0.2499999999999999,1.0452733328565955,2,0,0,0,RGB outside learned stage support,/Users/changmin/projects/ugrp/outputs/varied-start-heldout-20260910-v1-1/heldout-18-straight
heldout,heldout-20,visual,True,True,True,0,27.749999999994998,43.410000000000004,41.534621082944795,262,32,0,0,,/Users/changmin/projects/ugrp/outputs/varied-start-heldout-20260910-v1-1/heldout-20-visual
heldout,heldout-20,straight,False,False,True,0,0.2500000000000001,0.2499999999999999,0.8394955419935286,2,0,0,0,RGB outside learned stage support,/Users/changmin/projects/ugrp/outputs/varied-start-heldout-20260910-v1-1/heldout-20-straight
heldout,heldout-22,visual,True,True,True,0,36.14999999999932,51.81,52.92074020812288,346,32,0,0,,/Users/changmin/projects/ugrp/outputs/varied-start-heldout-20260910-v1-1/heldout-22-visual
heldout,heldout-22,straight,False,False,True,0,0.2500000000000001,0.2499999999999999,1.0316607090644538,2,0,0,0,RGB outside learned stage support,/Users/changmin/projects/ugrp/outputs/varied-start-heldout-20260910-v1-1/heldout-22-straight
heldout,heldout-24,visual,True,True,True,0,26.94999999999544,42.61,39.74459583312273,254,32,0,0,,/Users/changmin/projects/ugrp/outputs/varied-start-heldout-20260910-v1-1/heldout-24-visual
heldout,heldout-24,straight,False,False,True,0,0.2500000000000001,0.2499999999999999,1.1089195830281824,2,0,0,0,RGB outside learned stage support,/Users/changmin/projects/ugrp/outputs/varied-start-heldout-20260910-v1-1/heldout-24-straight
heldout,heldout-26,visual,True,True,True,0,32.14999999999443,47.81,50.10454149986617,306,32,0,0,,/Users/changmin/projects/ugrp/outputs/varied-start-heldout-20260910-v1-1/heldout-26-visual
heldout,heldout-26,straight,False,False,True,0,0.2500000000000001,0.2499999999999999,1.201138624921441,2,0,0,0,RGB outside learned stage support,/Users/changmin/projects/ugrp/outputs/varied-start-heldout-20260910-v1-1/heldout-26-straight
heldout,heldout-28,visual,True,True,True,0,36.34999999999956,52.01,54.73671833402477,348,32,0,0,,/Users/changmin/projects/ugrp/outputs/varied-start-heldout-20260910-v1-1/heldout-28-visual
heldout,heldout-28,straight,False,False,True,0,0.2500000000000001,0.2499999999999999,1.134309124900028,2,0,0,0,RGB outside learned stage support,/Users/changmin/projects/ugrp/outputs/varied-start-heldout-20260910-v1-1/heldout-28-straight
heldout,heldout-30,visual,True,True,True,0,34.94999999999785,50.61,50.35319104115479,334,32,0,0,,/Users/changmin/projects/ugrp/outputs/varied-start-heldout-20260910-v1-1/heldout-30-visual
heldout,heldout-30,straight,False,False,True,0,0.2500000000000001,0.2499999999999999,1.691756249871105,2,0,0,0,RGB outside learned stage support,/Users/changmin/projects/ugrp/outputs/varied-start-heldout-20260910-v1-1/heldout-30-straight
retention,retention-approach-heldout-01,visual,True,True,True,0,16.550000000001205,32.21,27.12003850005567,150,32,0,0,,/Users/changmin/projects/ugrp/outputs/varied-start-retention-20260910-v1-0/retention-approach-heldout-01-visual
retention,retention-approach-heldout-03,visual,True,True,True,0,16.550000000001205,32.21,44.01106712501496,150,32,0,0,,/Users/changmin/projects/ugrp/outputs/varied-start-retention-20260910-v1-0/retention-approach-heldout-03-visual
retention,retention-approach-heldout-05,visual,True,True,True,0,16.750000000001094,32.410000000000004,37.55306470906362,152,32,0,0,,/Users/changmin/projects/ugrp/outputs/varied-start-retention-20260910-v1-0/retention-approach-heldout-05-visual
retention,retention-approach-heldout-07,visual,True,True,True,0,16.950000000000983,32.61,30.029356958111748,154,32,0,0,,/Users/changmin/projects/ugrp/outputs/varied-start-retention-20260910-v1-0/retention-approach-heldout-07-visual
retention,retention-approach-heldout-09,visual,True,True,True,0,17.35000000000076,33.01,34.28134554089047,158,32,0,0,,/Users/changmin/projects/ugrp/outputs/varied-start-retention-20260910-v1-0/retention-approach-heldout-09-visual
retention,retention-approach-heldout-11,visual,True,True,True,0,16.750000000001094,32.410000000000004,29.588323874864727,152,32,0,0,,/Users/changmin/projects/ugrp/outputs/varied-start-retention-20260910-v1-0/retention-approach-heldout-11-visual
retention,retention-approach-heldout-13,visual,True,True,True,0,16.750000000001094,32.410000000000004,37.098793250042945,152,32,0,0,,/Users/changmin/projects/ugrp/outputs/varied-start-retention-20260910-v1-0/retention-approach-heldout-13-visual
retention,retention-approach-heldout-15,visual,True,True,True,0,16.750000000001094,32.410000000000004,30.223959041992202,152,32,0,0,,/Users/changmin/projects/ugrp/outputs/varied-start-retention-20260910-v1-0/retention-approach-heldout-15-visual
retention,retention-approach-heldout-17,visual,True,True,True,0,16.750000000001094,32.410000000000004,29.011192417005077,152,32,0,0,,/Users/changmin/projects/ugrp/outputs/varied-start-retention-20260910-v1-0/retention-approach-heldout-17-visual
retention,retention-approach-heldout-19,visual,True,True,True,0,16.350000000001316,32.01,28.281050791963935,148,32,0,0,,/Users/changmin/projects/ugrp/outputs/varied-start-retention-20260910-v1-0/retention-approach-heldout-19-visual
retention,retention-approach-heldout-02,visual,True,True,True,0,17.150000000000873,32.81,27.625360457925126,156,32,0,0,,/Users/changmin/projects/ugrp/outputs/varied-start-retention-20260910-v1-1/retention-approach-heldout-02-visual
retention,retention-approach-heldout-04,visual,True,True,True,0,16.950000000000983,32.61,45.50915270904079,154,32,0,0,,/Users/changmin/projects/ugrp/outputs/varied-start-retention-20260910-v1-1/retention-approach-heldout-04-visual
retention,retention-approach-heldout-06,visual,True,True,True,0,16.950000000000983,32.61,37.514208249980584,154,32,0,0,,/Users/changmin/projects/ugrp/outputs/varied-start-retention-20260910-v1-1/retention-approach-heldout-06-visual
retention,retention-approach-heldout-08,visual,True,True,True,0,16.750000000001094,32.410000000000004,29.69593674992211,152,32,0,0,,/Users/changmin/projects/ugrp/outputs/varied-start-retention-20260910-v1-1/retention-approach-heldout-08-visual
retention,retention-approach-heldout-10,visual,True,True,True,0,16.950000000000983,32.61,33.819752083858475,154,32,0,0,,/Users/changmin/projects/ugrp/outputs/varied-start-retention-20260910-v1-1/retention-approach-heldout-10-visual
retention,retention-approach-heldout-12,visual,True,True,True,0,16.750000000001094,32.410000000000004,29.501718499930575,152,32,0,0,,/Users/changmin/projects/ugrp/outputs/varied-start-retention-20260910-v1-1/retention-approach-heldout-12-visual
retention,retention-approach-heldout-14,visual,True,True,True,0,16.950000000000983,32.61,37.273306499933824,154,32,0,0,,/Users/changmin/projects/ugrp/outputs/varied-start-retention-20260910-v1-1/retention-approach-heldout-14-visual
retention,retention-approach-heldout-16,visual,True,True,True,0,17.35000000000076,33.01,31.008840417023748,158,32,0,0,,/Users/changmin/projects/ugrp/outputs/varied-start-retention-20260910-v1-1/retention-approach-heldout-16-visual
retention,retention-approach-heldout-18,visual,True,True,True,0,16.750000000001094,32.410000000000004,28.931084875017405,152,32,0,0,,/Users/changmin/projects/ugrp/outputs/varied-start-retention-20260910-v1-1/retention-approach-heldout-18-visual
retention,retention-approach-heldout-20,visual,True,True,True,0,16.550000000001205,32.21,28.605299666058272,150,32,0,0,,/Users/changmin/projects/ugrp/outputs/varied-start-retention-20260910-v1-1/retention-approach-heldout-20-visual
